review_id,rating_date,count_helpful,count_unhelpful,employee_length,employee_status,employee_type,flag_covid,flag_featured,flags_business_outlook,flags_ceo_approval,flags_recommend_frend,rating_culture_values,rating_diversity_inclusion,rating_overall,rating_work_life,summary,company_name,review_advice,career_opportunities_rating,employee_location,employee_job_title,advice_to_management,review_pros,review_cons,rating_compensation_benefits,rating_senior_leadership,rating_career_opportunities,review_pros_cleaned,summary_cleaned,sentiment_polarity,sentiment_label
1,2025-06-03T00:00:00.000Z,0,0,0,REGULAR,Current employee,False,False,,,,0,0,3,0,Amazon,Amazon Fulfillment Center,,,"Richmond, VA",Warehouse Fulfillment Associate,don’t micro manage,"not interactive 
can leave or take off whenever as long as you have time 
easy work","inhumane 
draining physically &amp; mentally",0,0,0,interactive leave take whenever long time easy work,amazon,0.0,neutral
2,2025-05-29T00:00:00.000Z,0,0,1,CONTRACT,"Current employee, less than 1 year",False,False,POSITIVE,APPROVE,POSITIVE,5,5,4,3,Good,Amazon Fulfillment Center,,,"Brampton, ON",Warehouse Associate,Remove all attitude manager from warehouse,good and easy work enviorment,"Sticks rules and completing targets any how, otherwise get warning",5,3,5,good easy work enviorment,good,0.7,positive
3,2025-05-28T00:00:00.000Z,0,0,1,REGULAR,"Current employee, less than 1 year",False,False,POSITIVE,APPROVE,POSITIVE,5,5,5,5,Good experience,Amazon Fulfillment Center,,,"Bolton, ON",Warehouse Associate,,"help to grow , good pay ,","limited opportunities for advancement,No clear path for promotion",5,5,5,help grow good pay,good experience,0.7,positive
4,2025-05-26T00:00:00.000Z,0,0,2,PART_TIME,Current employees,False,False,POSITIVE,APPROVE,POSITIVE,2,2,3,2,Dhdh,Amazon Fulfillment Center,,,"Swedesboro, NJ",Employee,,"Plenty of work
Meet new people","Tough on the body
Labor intensive",2,2,3,plenty work meet new people,dhdh,0.0,neutral
5,2025-05-23T00:00:00.000Z,0,0,0,REGULAR,Current employee,False,False,,,,0,0,4,0,Good Pay rate,Amazon Fulfillment Center,,,"Whitby, ON",Fulfillment Associate,,"Good Holiday pay 
Additional benefits for permanent employees",Not hiring permanent employees directly,0,0,0,good holiday pay additional benefits permanent employees,good pay rate,0.7,positive
6,2025-05-18T00:00:00.000Z,0,0,2,REGULAR,Former employees,False,False,,,,3,3,3,3,worst American sweat shop,Amazon Fulfillment Center,,,"Kenosha, WI",Warehouse Associate,,"Nice people, Great pay and benefits.",management does not care about its employees. hours are way to long.,4,2,3,nice people great pay benefits,worst american sweat shop,-0.5,negative
7,2025-05-17T00:00:00.000Z,0,0,4,REGULAR,Current employees,False,False,NEGATIVE,NO_OPINION,NEGATIVE,4,4,4,3,warehouse,Amazon Fulfillment Center,,,"Oklahoma City, OK",Associate,should have physical strength,"learn lift trucks, pallet jack, flex schedule/ Shifts","fast paced working environment, weight lifting",5,5,4,learn lift trucks pallet jack flex schedule shifts,warehouse,0.0,neutral
8,2025-05-15T00:00:00.000Z,0,0,0,REGULAR,Current employee,False,False,,,,2,4,2,1,less than ideal,Amazon Fulfillment Center,,,,,no,decent work that wasnt too miserable,people in charge wasnt very good,3,2,4,decent work wasnt miserable,less ideal,0.3666666666666667,positive
9,2025-05-14T00:00:00.000Z,0,0,1,REGULAR,"Former employee, less than 1 year",False,False,,,,0,0,3,0,Amazon,Amazon Fulfillment Center,,,"Clarksville, TN",Fulfillment Associate,Get better,"Good pay, not too long hours",Management absolutely is terrible at communicating,4,0,3,good pay long hours,amazon,0.0,neutral
10,2025-05-14T00:00:00.000Z,0,0,1,,"Former employee, less than 1 year",False,False,,,,0,0,2,0,Keep Going keep trying,Amazon Fulfillment Center,,,"Appleton, WI",Warehouse Worker,,Workout and regularly routine habit,"More work life,  less sleep .",0,0,0,workout regularly routine habit,keep going keep trying,0.0,neutral
11,2025-05-13T00:00:00.000Z,0,0,4,REGULAR,Former employees,False,False,POSITIVE,APPROVE,POSITIVE,5,5,5,5,Amazon Fulfillment Center BDL2,Amazon Fulfillment Center,,,"Windsor, CT",Picker/Packer,Appreciation for employees,"Tuition reimbursement 
Schedule flexibility 
Benefits
Salary
Overtime opportunities","Standing +10 hours
Noise
Safety hazards 
Overworking
Get write ups for not meeting their rate expectations",5,4,4,tuition reimbursement schedule flexibility benefits salary overtime opportunities,amazon fulfillment center bdl2,-0.1,neutral
12,2025-05-07T00:00:00.000Z,0,0,0,REGULAR,Current employee,False,False,,,,0,0,3,0,pro/cons,Amazon Fulfillment Center,,,"Sparrows Point, MD",WHSS,,The benefits are great and start immediately,The workplace culture is bad,0,0,0,benefits great start immediately,procons,0.0,neutral
13,2025-05-04T00:00:00.000Z,0,0,0,REGULAR,Former employee,False,False,,,,0,0,5,0,warehouse associate,Amazon Fulfillment Center,,,"Ajax, ON",Warehouse Associate,,"good pay
stress-free
hard working","night-shift
overtime
no cons at all",0,0,0,good pay stressfree hard working,warehouse associate,0.0,neutral
14,2025-05-04T00:00:00.000Z,0,0,2,REGULAR,Current employees,False,False,,,,0,0,3,0,Not the worst,Amazon Fulfillment Center,,,"Louisville, TN",FC Associate I,,"4 day weeks, good benefits. OT usually available",Its a physical job so prepare to be tired.,0,0,0,4 day weeks good benefits ot usually available,worst,-1.0,negative
15,2025-04-27T00:00:00.000Z,0,0,1,REGULAR,"Former employee, less than 1 year",False,False,,,POSITIVE,0,0,4,1,One full year of employment,Amazon Fulfillment Center,,,"Suffolk, VA",Shipping and Receiving,,A good reference for previous work.,No cons to my knowledge.,0,0,0,good reference previous work,one full year employment,0.35,positive
16,2025-04-24T00:00:00.000Z,0,0,1,REGULAR,"Former employee, less than 1 year",False,False,NEGATIVE,DISAPPROVE,NEGATIVE,1,1,2,3,worst experience ever,Amazon Fulfillment Center,,,"Hamilton, ON",Order Picker,"lose the hiring bias, you know what I mean",most of the people were great,"fired without notification, one day my badge just didnt work, wasting my time and my bus fare",3,1,3,people great,worst experience ever,-1.0,negative
17,2025-04-24T00:00:00.000Z,0,0,1,PART_TIME,"Former employee, less than 1 year",False,False,,,,5,0,5,0,Amazing expirience,Amazon Fulfillment Center,,,,Project Management Intern,,"Quality work
Lot to learn","No contract extenscion
Hard to find anything in Amazon again",4,0,5,quality work lot learn,amazing expirience,0.6000000000000001,positive
18,2025-04-23T00:00:00.000Z,0,0,2,REGULAR,Current employees,False,False,POSITIVE,APPROVE,POSITIVE,5,5,3,3,Good environment,Amazon Fulfillment Center,,,"Ottawa, ON",Associate,,nice to start for students,not for long term job,5,5,5,nice start students,good environment,0.7,positive
19,2025-04-21T00:00:00.000Z,0,0,0,PART_TIME,Current employee,False,False,,,,0,0,4,0,Good place,Amazon Fulfillment Center,,,"Durham, NC",Warehouse Associate,,flexible schedule if you are felx,work can feel repetitive and boring,0,0,0,flexible schedule felx,good place,0.7,positive
20,2025-04-19T00:00:00.000Z,0,0,2,REGULAR,Current employees,False,False,NEUTRAL,NO_OPINION,POSITIVE,5,5,4,5,Great,Amazon Fulfillment Center,,,"Reno, NV",Production,,"Nice place to work
Nice hours for night shift 6:30pm-5am
UPT PTO and Vacation",There is favoritism- like any other job.,4,5,5,nice place work nice hours night shift 630pm5am upt pto vacation,great,0.8,positive
21,2025-04-16T00:00:00.000Z,0,0,2,REGULAR,Former employees,False,False,NEGATIVE,NO_OPINION,NEGATIVE,3,4,3,1,Okay for the most part,Amazon Fulfillment Center,,,"Chicago, IL",Driver,Get better with scheduling,During peak season good pay and great hours,When peak season over it leave you struggling,3,4,2,peak season good pay great hours,okay part,0.5,positive
22,2025-04-15T00:00:00.000Z,0,0,4,REGULAR,Current employees,False,False,,,NEGATIVE,5,5,4,2,good company to work,Amazon Fulfillment Center,,,"Cambridge, ON",Process Assistant,,Good pay for a process assistant.,"bit stressful, to be honest, as we have a tight workload in our station.",4,3,4,good pay process assistant,good company work,0.7,positive
23,2025-04-11T00:00:00.000Z,0,0,1,REGULAR,"Former employee, less than 1 year",False,False,NEGATIVE,DISAPPROVE,NEGATIVE,1,1,1,1,Behandlung von Mitarbeitern,Amazon Fulfillment Center,,,Winsen (Luhe),Area Manager,"Das Management gibt vor, sich um Sie zu kümmern und Sie kennen zu lernen und Ihnen zu helfen. In Wirklichkeit geht es aber darum, Sie auszubeuten und in der Schwebe zu halten.","Die Bezahlung und die berufliche Entwicklung, die man durch die Begegnung mit vielen Menschen und das Erlernen neuer Prozesse erfährt.","In dieser FC werden Mitarbeiter und Neueinstellungen wie Nummern behandelt, und sie versuchen, dich loszuwerden, wenn du ihren toxischen Standards nicht mit den niedrigsten Manieren gerecht wirst.",4,1,2,die bezahlung und die berufliche entwicklung die man durch die begegnung mit vielen menschen und das erlernen neuer prozesse erfährt,behandlung von mitarbeitern,0.0,neutral
24,2025-04-09T00:00:00.000Z,0,0,2,REGULAR,Former employees,False,False,POSITIVE,APPROVE,POSITIVE,5,5,4,4,Good Benefits and Management,Amazon Fulfillment Center,,,"Barrhaven, ON",Fulfillment Associate,,"Wage increase 3, 6, 12 month and so on.

Great Full-time benefits 

Work Perks and Discount through Venngo",Warehouse (repetitive work and corporation like layout) dull.. but great people and management,5,4,4,wage increase 3 6 12 month great fulltime benefits work perks discount venngo,good benefits management,0.7,positive
25,2025-04-08T00:00:00.000Z,0,0,2,REGULAR,Current employees,False,False,,,,4,2,4,3,Its pretty good at working at Amazon,Amazon Fulfillment Center,,,"Hamilton, ON",Associate,,Good wages as a Warehouse associate,working environment gets a little bit noisy,5,5,3,good wages warehouse associate,pretty good working amazon,0.475,positive
26,2025-04-02T00:00:00.000Z,0,0,1,REGULAR,"Current employee, less than 1 year",False,False,NEGATIVE,DISAPPROVE,NEGATIVE,1,1,1,1,Avoid working here at all cost,Amazon Fulfillment Center,,,"Saint Peters, MO",Picker,,"Always hours available, anytime pay","Long hours, minimal light, will write you up for bathroom breaks, mandatory overtime with little to no heads up. This place drains you emotionally and physically.",1,1,1,always hours available anytime pay,avoid working cost,0.0,neutral
27,2025-04-01T00:00:00.000Z,0,0,0,PART_TIME,Current employee,False,False,,,,0,0,4,0,Ok,Amazon Fulfillment Center,,,"Corona, CA",Warehouse,,Easy starter job to work at,Can be fast paced and employment depends on management,0,0,0,easy starter job work,ok,0.5,positive
28,2025-03-31T00:00:00.000Z,0,0,0,REGULAR,Current employee,False,False,,,,3,3,3,5,Amazon Fulfillment Center,Amazon Fulfillment Center,,,Illescas,Mozo de almac%C3%A9n,,"Seguridad, compañerismo, comodidad, rotativos, adaptabilidad","Trabajo cansado, fines de semana, no posibilidad de cobrar más",3,3,2,seguridad compañerismo comodidad rotativos adaptabilidad,amazon fulfillment center,-0.1,neutral
29,2025-03-31T00:00:00.000Z,0,0,0,REGULAR,Former employee,False,False,,,,0,0,4,0,fun,Amazon Fulfillment Center,,,"San Bernardino, CA",Inbound Stower,,benefits and not bad pay,no cons it was easy work people just complain,0,0,0,benefits bad pay,fun,0.3,positive
30,2025-03-31T00:00:00.000Z,0,0,1,REGULAR,"Current employee, less than 1 year",False,False,,,,0,0,5,0,Fulfillment Center,Amazon Fulfillment Center,,,"Aurora, CO",Warehouse Associate,,"Flexible Schedule
4 day/10 hour shifts
Low Stress Environment
Frequent Overtime Opportunity","Monotonous Work
Not Particularly Rewarding Work
Work Can Become Slow from January to May",0,0,0,flexible schedule 4 day10 hour shifts low stress environment frequent overtime opportunity,fulfillment center,-0.1,neutral
31,2025-03-31T00:00:00.000Z,0,0,0,,Former employee,False,False,,,,0,0,4,0,Buen trabajo,Amazon Fulfillment Center,,,Coslada,Mozo De Almacen,,"Buen sueldo, ambiente laboral agradable, respeto por las normas de seguridad","Descanso muy corto, muchos jefes por lo que las ordenes pueden variar de uno a otro y puede confundir al empleado.",0,0,0,buen sueldo ambiente laboral agradable respeto por las normas de seguridad,buen trabajo,0.0,neutral
32,2025-03-27T00:00:00.000Z,0,0,2,REGULAR,Current employees,False,False,NEGATIVE,APPROVE,NEGATIVE,3,4,3,3,Amazon Warehouse Associate,Amazon Fulfillment Center,,,"Ottawa, ON",Process Associate,"Try to focus more on employee engagement and break the barriers of community, race or personal biases
Give opportunities to employees to grow rather than nurturing a neo slavery attitude
There are many associates who are skilled and experienced but working in warehouse due to personal situation. Leadership should give them opportunity to optimize their skills and experience rather than taking their advantage and utilizing them for only labor works.","Best in class work environment
Experience working in robotic environment
Competitive work benefits and accommodations","Too much physical work with not much of Job security
Pressure for target work negatively impact physical and mental health
Biased leadership - does not justify experience skills or ability but personal connections and nepotism works more for training promotion and preferred job roles",3,2,3,best class work environment experience working robotic environment competitive work benefits accommodations,amazon warehouse associate,0.0,neutral
33,2025-03-26T00:00:00.000Z,0,0,1,REGULAR,"Former employee, less than 1 year",False,False,NEUTRAL,APPROVE,POSITIVE,0,0,4,0,Hard work but decent pay,Amazon Fulfillment Center,,,"Edgemere, MD",Order Picker,,"Good benefits, decent time off opportunities. Automatic hire without an interview.",Management will move you around the building a lot. I was a top performer in order picking and was moved to pack nearly every day.,0,0,0,good benefits decent time opportunities automatic hire without interview,hard work decent pay,-0.06250000000000001,neutral
34,2025-03-26T00:00:00.000Z,0,0,1,PART_TIME,"Former employee, less than 1 year",False,False,,,POSITIVE,3,4,4,3,amzn,Amazon Fulfillment Center,,,"San Antonio, TX",Fulfullment Associate,,They pay for you if you want to go to college.,it's just a lot of work you have to do,2,1,3,pay want go college,amzn,0.0,neutral
35,2025-03-24T00:00:00.000Z,0,0,2,REGULAR,Current employees,False,False,NEGATIVE,,NEGATIVE,4,3,3,4,Salary,Amazon Fulfillment Center,,,"Ajax, ON",Warehouse Associate,,"Good pay and benefits
Good people 
Safety first","Biased management 
Work like robots
No growth/opportunities",4,1,1,good pay benefits good people safety first,salary,0.0,neutral
36,2025-03-20T00:00:00.000Z,0,0,0,REGULAR,Former employee,False,False,,,,0,0,3,0,Amazon Warehouse,Amazon Fulfillment Center,,,"Grand Rapids, MI",Warehouse Team Member,,It was close to home,Gloves were not strong enough,0,0,0,close home,amazon warehouse,0.0,neutral
37,2025-03-19T00:00:00.000Z,0,0,0,REGULAR,Current employee,False,False,,,NEGATIVE,2,2,3,1,Good experience,Amazon Fulfillment Center,,,"Tracy, CA",,,Good experience for fresh college graduate,very loud noise in Fulfillment center,3,1,4,good experience fresh college graduate,good experience,0.7,positive
38,2025-03-19T00:00:00.000Z,0,0,1,PART_TIME,"Former employee, less than 1 year",False,False,,,,0,0,4,0,Good place to work seasonally,Amazon Fulfillment Center,,,"West Jefferson, OH",Associate,,#NAME?,#NAME?,0,0,0,name,good place work seasonally,0.7,positive
39,2025-03-18T00:00:00.000Z,0,0,1,CONTRACT,"Former employee, less than 1 year",False,False,POSITIVE,APPROVE,POSITIVE,4,5,5,4,Inbound Receiving,Amazon Fulfillment Center,,,"Brampton, ON",Warehouse Associate,,"Good work culture and pay also
events for extracurriculam activity",Quiet racist because most employee is belong from one group or race,5,5,5,good work culture pay also events extracurriculam activity,inbound receiving,0.0,neutral
40,2025-03-18T00:00:00.000Z,0,0,2,REGULAR,Current employees,False,False,,,,5,5,5,5,Satisfied,Amazon Fulfillment Center,,,"London, ON",Associate,,Work life balance and benefits,Mandatory extra time is required,5,5,5,work life balance benefits,satisfied,0.5,positive
41,2025-03-13T00:00:00.000Z,0,0,0,REGULAR,Former employee,False,False,,,POSITIVE,3,2,4,4,Easy money,Amazon Fulfillment Center,,,,AA(Amazon Associate),,The pay and benefits are really good,Toxic work environment and favoritism,5,4,4,pay benefits really good,easy money,0.43333333333333335,positive
42,2025-03-12T00:00:00.000Z,0,0,0,PART_TIME,Former employee,False,False,,,,0,0,4,0,Good salary and benefits,Amazon Fulfillment Center,,,"Mississauga, ON",Warehouse Worker,,"Attractive pay , Employee Benefits",Contractual basis hiring based on business need,0,0,0,attractive pay employee benefits,good salary benefits,0.7,positive
43,2025-03-08T00:00:00.000Z,0,0,0,REGULAR,Current employee,False,False,POSITIVE,APPROVE,POSITIVE,5,5,4,1,Muy buena opción de trabajo.,Amazon Fulfillment Center,,,,Mozo De Almacen,Tener coche propio ya que no hay manera de trasladarse en transporte público.,"Muy Buenos beneficios.
Exelente ambiente de trabajo.
Ambiente de trabajo muy seguro.
Posibilidad de hacer carrera dentro de la empresa.","Salario no esta mal, pero se podría mejorar mucho más para el trabajo que se hace allí.
Horarios rotativos (no te permite crear hábitos saludables ya que constantemente estás cambiando tu rutina diaria).
Trabajo fines de semana.
Trabajo muy repetitivo..",3,3,3,muy buenos beneficios exelente ambiente de trabajo ambiente de trabajo muy seguro posibilidad de hacer carrera dentro de la empresa,muy buena opción de trabajo,0.0,neutral
44,2025-03-07T00:00:00.000Z,0,0,4,REGULAR,Former employees,False,False,NEGATIVE,DISAPPROVE,NEGATIVE,1,1,2,1,culture terrible,Amazon Fulfillment Center,,,"San Antonio, TX",Pathways Operations Manager,,Pay is comparable for ops,"poor work life balance, lack of leadership, very stressful job. No clear way for promotion or anyone to help you get there.",4,1,3,pay comparable ops,culture terrible,-1.0,negative
45,2025-03-05T00:00:00.000Z,0,0,0,REGULAR,Current employee,False,False,,,,0,0,4,0,Easy work,Amazon Fulfillment Center,,,"Bolton, ON",Warehouse Associate,,"Career Choice program is a great way to start new career.
Good benefits",Co-workers speak in non English to each other infront of you.,0,0,0,career choice program great way start new career good benefits,easy work,0.43333333333333335,positive
46,2025-03-03T00:00:00.000Z,0,0,0,PART_TIME,Current employee,False,False,,,,0,0,5,0,Cool place to work,Amazon Fulfillment Center,,,"Waukegan, IL",FC Associate,,Room to excel in your position,Extra shifts are never available,0,0,0,room excel position,cool place work,0.35,positive
47,2025-03-03T00:00:00.000Z,0,0,2,PART_TIME,Current employees,False,False,,,,4,4,5,5,Not bad,Amazon Fulfillment Center,,,"Kent, WA",Flex Associate,,Choose own hours and the work is not bad once you get use to it,Could be moved around a lot depending on different departments and sometimes hard to find shifts that you want to work in,4,5,4,choose hours work bad get use,bad,-0.6999999999999998,negative
48,2025-03-03T00:00:00.000Z,0,0,2,REGULAR,Current employees,False,False,NEUTRAL,APPROVE,POSITIVE,5,5,3,2,"Review of Fulfillment Centre at St. Thomas, ON",Amazon Fulfillment Center,,,,FC Associate I,"- Provide everyone equal chance
- Make All managers more responsible towards all associates bcz sometimes associates don't know the actual information of them when they ask help from managers and what they say to HR or Safety team
- Hiring of positions specially PA(Process Assistant) and Learning needs to be evaluated based on your ground level performance not based on connections (if your relatives who are in higher position get  hired in PA / Learning ) 
- Safety team needs to be more responsible bcz mostly they don't took actions against managers who needs more productivity to get promoted so that Associates are presurised to maintain those productivity and compromise safety which ultimately creates critical health issues for associates
- Some associates got less work or promoted or learn new skills compared to others as they are favourite of Managers or relatives. Plz stop this to be fair with everyone","Pay and Benefits they provide like maternity, accommodation, insurance","Work-life balance, Continuous work without sitting, almost all location with no public transportation, lack of chance in promotion and new skills as they show they are giving fair chance to everyone but it's not true at ground level. The people of certain community especially punjabi's got promotions at HR, PA and Manager level. Lack of support from HR as they are not giving proper information when you actually need. Safety at ground level is compromised by managers bcz they want more productivity to get promotion. The people who always praised their managers got extra-benefits on work and able to learn new skills than other hard-working associates",5,3,3,pay benefits provide like maternity accommodation insurance,review fulfillment centre st thomas,0.0,neutral
49,2025-03-02T00:00:00.000Z,0,0,2,REGULAR,Former employees,False,False,NEUTRAL,NO_OPINION,NEGATIVE,1,3,3,5,Too monotonous for me.,Amazon Fulfillment Center,,,"Bessemer, AL",Inbound Stower,"I understood the safety risk thing but the rule against having SOMETHING to distract you from the noise in your head for 10-11 hrs day after day when you're someone like me was kinda rough. Almost torturous. Just let people listen to music, man. lol",I got plenty of time off for mental stuff when I needed it when other places would have fired me,Then again.. this company might've contributed alot to why I needed so much time off lmao,4,1,1,got plenty time mental stuff needed places would fired,monotonous,0.0,neutral
50,2025-03-01T00:00:00.000Z,0,0,4,PART_TIME,Current employees,False,False,,,,0,0,5,0,It was alright.,Amazon Fulfillment Center,,,"Hawthorne, CA",Warehouse Associate,,Great experience because I got to see the warehouse built from ground up.,Became repetitive at some point.,0,0,0,great experience got see warehouse built ground,alright,0.0,neutral
51,2025-03-01T00:00:00.000Z,0,0,6,REGULAR,Current employees,False,False,,,NEGATIVE,1,1,1,4,Workplace toxicity and favoritism,Amazon Fulfillment Center,,,Sydney,IT Support Engineer,Apply practices that you preach and ensure it is followed by all and not just by the employees in the lower tier of the Organization's hierarchy. Train the Leaders and make sure they are doing due deligence for their role. Training future leaders won't make a bigger impact if the current leaders are exercising bias and have toxic traits while moving up the ladder.,A bit of learning if you are at the right place and the right team or assigned the right team member as a mentor.,"Don't bother joining IT though, there are no financial perks in it since they don't have casual/contract roles. The contract is cleverly worded to get you to work on weekends/night shifts without offering weekend/night shift allowances. No on-call pay either but they do reimburse *mobile bills*.
I have seen this culture in all departments and more so in IT.
Excessive flattery towards leadership, playing office politics, Seeking favoritism from leadership, appeasing leadership for personal gain, unhealthy admiration of authority, prioritizing leadership approval over team collaboration, performing for leadership rather than contributing meaningfully, Dysfunctional work environment, Hostile workplace dynamics, Unhealthy team culture, Negative organizational climate, Counterproductive work atmosphere, Culture of fear and favoritism, Lack of psychological safety in the workplace, Unprofessional and unsupportive work environment, Workplace toxicity and favoritism.",1,1,2,bit learning right place right team assigned right team member mentor,workplace toxicity favoritism,0.0,neutral
52,2025-03-01T00:00:00.000Z,0,0,2,REGULAR,Former employees,False,False,POSITIVE,APPROVE,POSITIVE,5,5,4,4,Pros and cons,Amazon Fulfillment Center,,,"Whitestown, IN",Warehouse Associate,Better pay hire on opportunity insurance for employees,Good place to work for lots of hours and keep you busy no down time .,Cons low pay no insurance temp service position,1,5,1,good place work lots hours keep busy time,pros cons,0.0,neutral
53,2025-02-27T00:00:00.000Z,0,0,4,REGULAR,Former employees,False,False,,DISAPPROVE,NEGATIVE,1,1,1,1,Promote Based On Results Not Being a ‘Yes Man’,Amazon Fulfillment Center,,,,Operations Manager,"Value honesty and ethics, treat people better and promote based on results only not politics. Set regional records but unable to get promoted since I wouldn’t lie about an HR situation(s) that AGM was apart of. So shady!","Stocks given as bonuses, but they take 3-4 years to fully vest so can be a negative.","The expectation is to work 7 days per week and always be available via phone. Even if you work 12 hours more is expected once you’re home. 
Upper management promotions should be based on achievements and how your team response to you, not being a ‘yes man’ The last GM/AGM were extremely unethical and only promoted people who would lie for them and they also fudged numbers",2,1,1,stocks given bonuses take 34 years fully vest negative,promote based results ‘yes man’,0.0,neutral
54,2025-02-26T00:00:00.000Z,0,0,0,REGULAR,Former employee,False,False,,,,0,0,3,0,Monotonous,Amazon Fulfillment Center,,,"Dallas, TX",Inbound Stower,,"Easy job, and can move up if desired","physically demanding
only care about rates",0,0,0,easy job move desired,monotonous,0.0,neutral
55,2025-02-26T00:00:00.000Z,0,0,2,REGULAR,Current employees,False,False,POSITIVE,APPROVE,POSITIVE,5,5,5,5,Fast-paced work with good benefits,Amazon Fulfillment Center,,,"St. Thomas, ON",Inbound Receive Dock,Improve break times and workload balance to reduce fatigue and increase employee retention.,"Competitive pay and benefits
Opportunity for career growth
Fast-paced and active work environment
Team-oriented workplace culture
Training provided, no experience required",Repetitive tasks can be exhausting,5,5,5,competitive pay benefits opportunity career growth fastpaced active work environment teamoriented workplace culture training provided experience required,fastpaced work good benefits,0.7,positive
56,2025-02-25T00:00:00.000Z,0,0,0,REGULAR,Former employee,False,False,,,,0,0,3,0,Meh,Amazon Fulfillment Center,,,"Illiopolis, IL",Operations Manager,,insane scope and opportunities- perks of being a part of huge company,untalented people in Sr positions that have gone far playing politics. Hard to advance if you don't have an agreeable personanlity,0,0,0,insane scope opportunities perks part huge company,meh,0.0,neutral
57,2025-02-25T00:00:00.000Z,0,0,1,REGULAR,"Former employee, less than 1 year",False,False,NEUTRAL,NO_OPINION,POSITIVE,4,5,4,2,Former Amazon Warehouse employee,Amazon Fulfillment Center,,,"Joliet, IL",Seasonal Warehouse Associate,,"Pay, peak time/bonus pay+hours, chill staff","The labor and the lack of available resources/people for workers requests, troubles with job or app/pay.",5,3,5,pay peak timebonus payhours chill staff,former amazon warehouse employee,0.0,neutral
58,2025-02-25T00:00:00.000Z,0,0,2,FREELANCE,Former employees,False,False,,,,5,5,5,5,Good income,Amazon Fulfillment Center,,,"San Francisco, CA",Seller,,Flexible schedule adjust your time,Too much competition sometimes you gotta lower your prices so much to get more deal but not good profit,5,5,5,flexible schedule adjust time,good income,0.7,positive
59,2025-02-25T00:00:00.000Z,0,0,0,REGULAR,Current employee,False,False,POSITIVE,APPROVE,POSITIVE,5,5,5,5,Best place to work,Amazon Fulfillment Center,,,"Swindon, Wiltshire, South West England, England",AA(Amazon Associate),,"Good working environment
Good pay",Heavy lifting . Sometimes can be stressful,5,5,5,good working environment good pay,best place work,1.0,positive
60,2025-02-21T00:00:00.000Z,0,0,0,REGULAR,Former employee,False,False,,,,0,0,3,0,Picker Pay,Amazon Fulfillment Center,,,"Fort Wayne, IN",Picker,,It is the easiest job I ever had.,They can get rid of you whenever they want.,0,0,0,easiest job ever,picker pay,0.0,neutral
61,2025-02-21T00:00:00.000Z,0,0,4,REGULAR,Former employees,False,False,,,,5,5,5,4,Super expérience,Amazon Fulfillment Center,,,Orléans,HRA,,"Très bonne école
salaires généreux et CB avantageux","demande un investissement personnel important,",5,5,5,très bonne école salaires généreux et cb avantageux,super expérience,0.3333333333333333,positive
62,2025-02-19T00:00:00.000Z,0,0,1,CONTRACT,"Former employee, less than 1 year",False,False,NEGATIVE,,POSITIVE,1,2,1,2,Befristet für 4 Monate,Amazon Fulfillment Center,,,"Koblenz, Rhineland-Palatinate",,Ehrliche Security Mitarbeiter anstellen,Angemessen bezahlt und es gibt kein Dresscode bis auf Stahlkappenschuhe Verbot,"Die Security nervt ( ich weiß jemand von denen hat einen Sender ) von dem Magnet Tor wo man rein und raus geht 🤔.... 
Das Tor hat sogar dann gepiepst als ich 0 % Metal an hatte 😪",3,3,1,angemessen bezahlt und es gibt kein dresscode bis auf stahlkappenschuhe verbot,befristet für 4 monate,0.0,neutral
63,2025-02-18T00:00:00.000Z,0,0,4,REGULAR,Current employees,False,False,NEUTRAL,APPROVE,POSITIVE,3,3,4,4,Fulfillment worker,Amazon Fulfillment Center,,,"San Antonio, TX",L1 Associate,,#NAME?,#NAME?,4,3,4,name,fulfillment worker,0.0,neutral
64,2025-02-18T00:00:00.000Z,0,0,9,REGULAR,Current employees,False,False,POSITIVE,NO_OPINION,POSITIVE,4,3,4,3,Senior Program Manager | Lean Methodologies | Learning &amp; Quality Excellence | Driving Operational Efficiency,Amazon Fulfillment Center,,,"Carrollton, TX",Sr Program Manager,"Trust your team to get the job done, and reward them when they do. ","Growth &amp; Development
Relationships
Innovation
Fun
The Actual Work is Awesome",The cons are the same as they would be at any job.,3,3,2,growth amp development relationships innovation fun actual work awesome,senior program manager lean methodologies learning amp quality excellence driving operational efficiency,0.0,neutral
65,2025-02-18T00:00:00.000Z,0,0,0,REGULAR,Current employee,False,False,,,,0,0,5,0,Good,Amazon Fulfillment Center,,,"Brampton, ON",Warehouse Associate,,"Good benefits 
Environment
Team work 
Great pay",I don’t think there is any downside,0,0,0,good benefits environment team work great pay,good,0.7,positive
66,2025-02-18T00:00:00.000Z,0,0,2,REGULAR,Former employees,False,False,POSITIVE,DISAPPROVE,NEGATIVE,1,2,2,1,"High Pressure to Perform, Difficult to maintain Safety Standards",Amazon Fulfillment Center,,,"San Bernardino, CA",ICQA Associate,"Your HR is so protective you're losing connection with your workers, and you should allow unions so that people feel safe to work for you and build a career.","Needed a job fast, onboarding was fast, skills requirements low, pay was at a local average. It was fun to work at a robotics fulfillment center","Metrics are always a part of their work experience. Day to day optimizations, PAs always coming by to give you feedback can make it seem like all that matters is your numbers. Focus on your numbers and output, focus focus focus. Problem for me was that even though I could do great and kept a high quality, maintaining that speed and quality was really draining, especially at 10 hour shifts in an industrial environment with literally only your 2 (sometimes none) neighbors to talk to to pass the long day of repetitive tasks. That's another thing, the physical and mental aspect of the repetitious task is not just mentally draining, but despite their regular safety meetings, warnings, and signs plastered all over the place, there's so much pressure to increase performance consistently that lots of people are cutting corners just to keep from getting canned. I myself ended up with a repetitive motion injury in my hand due to pulling items out of cubbies and it's basically already covered by their policies so there's nothing to do but grin and bear it. My recommendation? Educate yourself on the safety policies, speak up loudly and frequently in group settings when you feel something isn't safe (to keep leadership accountable) and don't push yourself physically to meet your numbers. It's difficult when you've got bills to pay but not worth your long term mobility and health. Build your skills and find work with another company that respects your body more.",3,1,3,needed job fast onboarding fast skills requirements low pay local average fun work robotics fulfillment center,high pressure perform difficult maintain safety standards,-0.16999999999999998,negative
67,2025-02-18T00:00:00.000Z,0,0,2,REGULAR,Current employees,False,False,,,,0,0,3,0,Good,Amazon Fulfillment Center,,,"Bellevue, WA",Software Development Engineer (SDE),,Good work and lot to learn,Too much work and no work life balance,0,0,0,good work lot learn,good,0.7,positive
68,2025-02-17T00:00:00.000Z,0,0,1,PART_TIME,"Former employee, less than 1 year",False,False,,,,0,0,3,4,Not proper training,Amazon Fulfillment Center,,,"Portland, OR",Sortation Associate,,"Good pay, shift options and benefits",Not being able to train well their employees,0,0,3,good pay shift options benefits,proper training,0.0,neutral
69,2025-02-17T00:00:00.000Z,0,0,1,REGULAR,"Former employee, less than 1 year",False,False,POSITIVE,APPROVE,POSITIVE,5,5,5,4,Great Opportunity and Awesome Benefits,Amazon Fulfillment Center,,,"Etna, OH",Associate,Hire me back. I didn’t know what I had until it was gone and I regret leaving.,"The benefits and how the Amazon AtoZ app worked was all great. It was so thorough and simple, and the work was repetitive but made time fly by.","There was a decent bit of people up there that didn’t speak much English and it would be hard to communicate with them sometimes, but everyone was helpful when needed.",5,4,4,benefits amazon atoz app worked great thorough simple work repetitive made time fly,great opportunity awesome benefits,0.9,positive
70,2025-02-13T00:00:00.000Z,0,0,0,INTERN,Former employee,False,False,,,,0,0,4,0,HR Partner Intern at Amazon,Amazon Fulfillment Center,,,"Tampa, FL",HR Partner Intern,,Good pay and benefits for the interns,"Since the site is 24 hours, you may get the night shift",0,0,0,good pay benefits interns,hr partner intern amazon,0.0,neutral
71,2025-02-12T00:00:00.000Z,0,0,0,CONTRACT,Former employee,False,False,,,,0,0,2,0,"Good, not great ",Amazon Fulfillment Center,,,"Brampton, ON",Fulfillment Associate,,Daytime hours good for work/life balance,Nighttime shift is an absolute mess,0,0,0,daytime hours good worklife balance,good great,0.75,positive
72,2025-02-11T00:00:00.000Z,0,0,0,INTERN,Former employee,False,False,,,,0,0,4,0,You get out what you put in,Amazon Fulfillment Center,,,"Spokane, WA",Area Manager Intern,,hands on work with real experience managing associates,overwork the interns like an associate if you don't differentiate yourself or advocate for work,0,0,0,hands work real experience managing associates,get put,0.0,neutral
73,2025-02-10T00:00:00.000Z,0,0,1,PART_TIME,"Current employee, less than 1 year",False,False,,,,5,5,5,5,great working place for starters,Amazon Fulfillment Center,,,Paderborn,FC Associate I,,"fixed hours.
both parttime and fulltime available",should pay more for overtime.,5,5,5,fixed hours parttime fulltime available,great working place starters,0.8,positive
74,2025-02-07T00:00:00.000Z,0,0,2,REGULAR,Former employees,False,False,POSITIVE,APPROVE,POSITIVE,4,4,5,4,Good salary but difficult targets,Amazon Fulfillment Center,,,"Brampton, ON",Warehouse Associate,Listen to your employees,They provide a healthy salary. Every six months a salary hike and good benefits.,They ask for difficult targets. There are some internal politics that still exist.,4,4,4,provide healthy salary every six months salary hike good benefits,good salary difficult targets,0.09999999999999998,neutral
75,2025-02-06T00:00:00.000Z,0,0,4,PART_TIME,Current employees,False,False,POSITIVE,APPROVE,POSITIVE,4,5,4,5,Amazon job,Amazon Fulfillment Center,,,"Delta, BC",Warehouse Worker,,"Good schedule , good pay","Heavy work load, long shifts",5,4,5,good schedule good pay,amazon job,0.0,neutral
76,2025-02-06T00:00:00.000Z,0,0,1,CONTRACT,"Current employee, less than 1 year",False,False,NEUTRAL,APPROVE,POSITIVE,5,5,5,5,best pay rate,Amazon Fulfillment Center,,,"Gateshead, England",FC Associate,,"good management, best work culture, nice colleagues","shift patterns, break timings, team leads",5,5,5,good management best work culture nice colleagues,best pay rate,1.0,positive
77,2025-02-04T00:00:00.000Z,0,0,4,REGULAR,Current employees,False,False,NEGATIVE,DISAPPROVE,NEGATIVE,1,2,1,1,Hard Pass,Amazon Fulfillment Center,,,"Delta, BC",Process Associate,Focus more on taking care of the people who are driving your productivity and acknowledge they are why you are successful.,"Was a job that paid the bills. 
Makes you really appreciate working somewhere else","Only cared about increasing productivity and not at all about the people. Whoever coined them as equality opportunity employees needs to look up the definition. 
Save your physical and mental well being an look for employment elsewhere.",4,1,1,job paid bills makes really appreciate working somewhere else,hard pass,-0.2916666666666667,negative
78,2025-02-03T00:00:00.000Z,0,0,0,REGULAR,Current employee,False,False,,,,4,4,4,3,It's not a technical job.,Amazon Fulfillment Center,,,"Boston, MA",Non-Inventory Receiver,,"If you want to have a smooth start at work, I think it's a good idea",Internal promotion is a bit difficult and may take a long time.,4,4,4,want smooth start work think good idea,technical job,0.0,neutral
79,2025-01-28T00:00:00.000Z,0,0,0,PART_TIME,Current employee,False,False,,,,4,4,4,4,Sueldo base Amazon técnico RME,Amazon Fulfillment Center,,,El Prat de Llobregat,Técnico de mantenimiento industrial,,Horario flexible y muchos pluses en fin de semana,El metro tarda mucho en llegar al prat,4,4,4,horario flexible muchos pluses en fin de semana,sueldo base amazon técnico rme,-0.8,negative
80,2025-01-28T00:00:00.000Z,0,0,2,REGULAR,Former employees,False,False,,,,0,0,4,0,It's a good beginner job,Amazon Fulfillment Center,,,"Chattanooga, TN",Warehouse Packer,,"Job is not hard, the people were friendly and helpful.",12 hour work days during busy times,0,0,0,job hard people friendly helpful,good beginner job,0.7,positive
81,2025-01-23T00:00:00.000Z,0,0,4,REGULAR,Former employees,False,False,NEGATIVE,APPROVE,POSITIVE,2,3,2,1,Great benefits on sign in but deteriorate rapidly after first year,Amazon Fulfillment Center,,,"Mississauga, ON",Whs Specialist,,"Fast paced, challenging and great learning opportunities; great overall benefits from day 1","Hectic hours, little flexibility, pay structure, call out culture leads to internal fights to show who is better",3,2,2,fast paced challenging great learning opportunities great overall benefits day 1,great benefits sign deteriorate rapidly first year,0.525,positive
82,2025-01-17T00:00:00.000Z,0,0,0,REGULAR,Former employee,False,False,NEUTRAL,NO_OPINION,POSITIVE,2,4,3,3,"If you can deal with it, it’s a good job",Amazon Fulfillment Center,,,,,,Very simple and not complicated,High expectations and comes with some petty drama,3,2,1,simple complicated,deal it’s good job,0.7,positive
83,2025-01-16T00:00:00.000Z,0,0,1,PART_TIME,"Current employee, less than 1 year",False,False,,,,0,0,5,0,Amazing,Amazon Fulfillment Center,,,Euskirchen,Sortiermitarbeiter,,"Gute Leitungen.
Gute Mitarbeitern
Gute Arbeit",Es gibt keine Kontras für der Arbeit,0,0,0,gute leitungen gute mitarbeitern gute arbeit,amazing,0.6000000000000001,positive
84,2025-01-15T00:00:00.000Z,0,0,0,PART_TIME,Former employee,False,False,,,,0,0,3,0,Good place to learn,Amazon Fulfillment Center,,,"Warrington, North West England, England",FC Associate,,Develops a strong work ethic for employees,No consideration of human feeling within the workplace,0,0,0,develops strong work ethic employees,good place learn,0.7,positive
85,2025-01-11T00:00:00.000Z,0,0,1,REGULAR,"Former employee, less than 1 year",False,False,POSITIVE,NO_OPINION,POSITIVE,4,4,3,5,"Amazon FC Hamilton, a great place to work",Amazon Fulfillment Center,,,"Hamilton, ON",Associate,Eliminate the hiring freeze.,"I made a mistake leaving, never should have. Hard job to do, but well worth it.","Can't get rehired. They aren't hiring now, or for the last while",4,3,3,made mistake leaving never hard job well worth,amazon fc hamilton great place work,0.8,positive
86,2025-01-11T00:00:00.000Z,0,0,2,REGULAR,Former employees,False,False,,,NEGATIVE,2,3,3,1,Don't get too comfortable,Amazon Fulfillment Center,,,"Dallas, TX",Associate,,"The pay is not bad, and you are paid weekly.","They work you like a dog, regardless of age or ability. Their retention rate is ridiculous, and their managers always quit or are moved around.",3,3,2,pay bad paid weekly,dont get comfortable,0.4,positive
87,2025-01-11T00:00:00.000Z,0,0,1,REGULAR,"Current employee, less than 1 year",False,False,POSITIVE,APPROVE,POSITIVE,5,5,3,3,Hard work,Amazon Fulfillment Center,,,"Huntley, IL",Palletizer,Move people around so they can get a break on positions. Give equal work to everyone . My manager favors groups of people,Can work with friends and can sometimes take your time. The job comes with sOME benefits,"A lot of work on the body. Depending where you’re placed, you’re doing the same thing for 10+ hours straight . lifting heavy heavy boxes.",5,2,5,work friends sometimes take time job comes benefits,hard work,-0.2916666666666667,negative
88,2025-01-10T00:00:00.000Z,0,0,0,PART_TIME,Current employee,False,False,,,,3,4,3,2,Rating,Amazon Fulfillment Center,,,"Edison, NJ",Stower,,"Make own hours
Good pay
Free food sometimes","Receptive 
Brain mush
Boring
Physically and mentally draining",3,3,3,make hours good pay free food sometimes,rating,0.0,neutral
89,2025-01-10T00:00:00.000Z,0,0,4,REGULAR,Current employees,False,False,POSITIVE,APPROVE,NEGATIVE,4,4,3,4,Amazing company,Amazon Fulfillment Center,,,"Hamilton, ON",Associate,Be kind,Benefit and vacation and TPO,Big loads hard hours long,4,4,4,benefit vacation tpo,amazing company,0.6000000000000001,positive
90,2025-01-10T00:00:00.000Z,0,0,2,REGULAR,Former employees,False,False,NEGATIVE,DISAPPROVE,NEGATIVE,1,4,3,3,Heavy lifting,Amazon Fulfillment Center,,,"Grimes, IA",Associate,,"Ok money, good supervisors, swag bucks",Heavy lifting/ safety is a concern but don't expect them to care or pay you for your injuries,2,2,3,ok money good supervisors swag bucks,heavy lifting,-0.2,negative
91,2025-01-09T00:00:00.000Z,0,0,1,REGULAR,"Former employee, less than 1 year",False,False,,,,0,0,4,0,"Fulfillment Center Warehouse Associate Review – Amazon MTN1, Wilmington",Amazon Fulfillment Center,,,"Wilmington, DE",Fulfillment Center Warehouse Associate,"Streamline workflows to reduce strain during peak seasons.
Enhance recognition programs to boost morale.
Provide better training for new and current associates.
Act on employee feedback to improve job satisfaction.","Competitive pay and benefits (healthcare, 401k, stock options).
Opportunities for career advancement and skill development.
Fast-paced, engaging work environment.
Supportive team culture with approachable management.
Job stability with a global company.","Physically demanding, especially during peak seasons.
Long shifts with limited break times.
Fluctuating workload, sometimes stressful.
Noisy warehouse environment.",0,0,0,competitive pay benefits healthcare 401k stock options opportunities career advancement skill development fastpaced engaging work environment supportive team culture approachable management job stability global company,fulfillment center warehouse associate review – amazon mtn1 wilmington,-0.1,neutral
92,2025-01-08T00:00:00.000Z,0,0,1,REGULAR,"Current employee, less than 1 year",False,False,POSITIVE,APPROVE,POSITIVE,1,1,2,1,It was terrible,Amazon Fulfillment Center,,,"Monroe, OH",Cherry Picker,Stop flirting with employees and trying to get your way.,The pay was good that’s pretty much it,It’s a lot of drama and it’s all about who you know to do what you wanna do there. Even if you get a different roll you still will be paid the same.,5,1,1,pay good that’s pretty much,terrible,-1.0,negative
93,2025-01-08T00:00:00.000Z,0,0,1,PART_TIME,"Current employee, less than 1 year",False,False,,,POSITIVE,4,4,4,5,Good Part Time opportunity,Amazon Fulfillment Center,,,"Lubbock, TX",Seasonal Associate,,"The job is repetitive, relatively easy to learn. HR is onsite and helpful.","The job is physically demanding, but once you get used to it it isn't so bad. Work ethic varies greatly, and hard work is not appreciated besides compliments from managers.",4,3,3,job repetitive relatively easy learn hr onsite helpful,good part time opportunity,0.7,positive
94,2025-01-03T00:00:00.000Z,0,0,2,REGULAR,Former employees,False,False,POSITIVE,DISAPPROVE,NEGATIVE,3,4,3,2,MCO1 Stow,Amazon Fulfillment Center,,,"Orlando, FL",Warehouse Associate,stowers for waterspiders should not have such an indirect role -- they really do need just a little bit more direction/labor tracking.,"decent pay for the type of work
great benefits (insurance, 401k, company stock and education/Career Choice)
generous time-off policy
plenty of people to get to know if you are a people person","very physically demanding
keeping your job depends on your rate -- your rate can depend on your waterspider who may not care that you do not have enough work/""good"" work to make rate and stay out of the bottom 5%",4,3,2,decent pay type work great benefits insurance 401k company stock educationcareer choice generous timeoff policy plenty people get know people person,mco1 stow,0.0,neutral
95,2025-01-02T00:00:00.000Z,0,0,0,PART_TIME,Current employee,False,False,,,,1,5,3,5,Its okay,Amazon Fulfillment Center,,,"Robbinsville, NJ",Warehouse Sortation Associate,,It pays the bills I guess.,The flex up / flex down thing here can be really annoying.,3,2,1,pays bills guess,okay,0.5,positive
96,2025-01-01T00:00:00.000Z,0,0,4,REGULAR,Former employees,False,False,NEUTRAL,NO_OPINION,POSITIVE,4,4,3,4,Good place,Amazon Fulfillment Center,,,"Etna, OH",AA(Amazon Associate),Management keeps rotating,Work on your own terms,Heavy items when slow season,3,3,3,work terms,good place,0.7,positive
97,2024-12-29T00:00:00.000Z,0,0,1,CONTRACT,"Current employee, less than 1 year",False,False,POSITIVE,APPROVE,POSITIVE,5,5,5,5,unkn,Amazon Fulfillment Center,,,"Manchester, England",Warehouse Fulfillment Associate,the management is very good,Very good and nice culture,need to improve the salary range,5,5,5,good nice culture,unkn,0.0,neutral
98,2024-12-29T00:00:00.000Z,0,0,0,PART_TIME,Former employee,False,False,,,POSITIVE,0,0,5,0,A good place to work at,Amazon Fulfillment Center,,,"Dallas, TX",ICQA Associate,Stay off the cat walk,The benefits starts on day1,The standing for a long period of times and short lunches,0,0,0,benefits starts day1,good place work,0.7,positive
99,2024-12-27T00:00:00.000Z,0,0,2,PART_TIME,Former employees,False,False,NEUTRAL,NO_OPINION,NEGATIVE,2,5,2,3,Wasn’t the greatest,Amazon Fulfillment Center,,,"Greenfield, IN",Sorter Loader,,"The pay was good, and the time off accumulating every shift was nice","They really didn’t care about their workers when I worked there. 
Bathroom breaks were like they were not acceptable",2,3,2,pay good time accumulating every shift nice,wasn’t greatest,1.0,positive
100,2024-12-25T00:00:00.000Z,0,0,1,REGULAR,"Former employee, less than 1 year",False,False,NEGATIVE,DISAPPROVE,NEGATIVE,1,5,1,2,Not worth for the weather and long shifts,Amazon Fulfillment Center,,,"Orlando, FL",Driver Associate,Don't tell your incoming employees that you'll offer bonuses and then say sike when they get hired,"Simple to do, 4 day work week","10 hour shifts and have to deal with heat and rain,",1,1,1,simple 4 day work week,worth weather long shifts,0.125,positive
101,2024-12-25T00:00:00.000Z,0,0,0,PART_TIME,Current employee,False,False,POSITIVE,APPROVE,POSITIVE,2,4,3,3,Decent,Amazon Fulfillment Center,,,,Associate,,Decent pay here at this job nothing too crazy,As a part time you only get 15 mins break,2,3,3,decent pay job nothing crazy,decent,0.16666666666666666,positive
102,2024-12-17T00:00:00.000Z,0,0,0,REGULAR,Current employee,False,False,,,,5,5,5,5,A nice place to work,Amazon Fulfillment Center,,,"Scarborough, ON",Warehouse Associate,,You will gain alot of knowledge,Be ready to stand for the whole shift,5,5,5,gain alot knowledge,nice place work,0.6,positive
103,2024-12-17T00:00:00.000Z,0,0,20,REGULAR,Current employees,False,False,,,POSITIVE,5,5,5,5,Great Benefits,Amazon Fulfillment Center,,,"Charleston, TN",Human Resource Associate Partner,,Mutiple time off options. Above average health insurance options.,"Small department, not a lot of room to move up without moving.",4,5,5,mutiple time options average health insurance options,great benefits,0.8,positive
104,2024-12-16T00:00:00.000Z,0,0,2,REGULAR,Former employees,False,False,,,POSITIVE,4,5,4,4,,Amazon Fulfillment Center,,,"London, ON",FC Associate I,,"Good Benefits
Good pay
Celebrations","Repetitive work
Inappropriate rules
Partiality",5,4,4,good benefits good pay celebrations,,0.0,neutral
105,2024-12-16T00:00:00.000Z,0,0,4,REGULAR,Current employees,False,False,,,,1,1,1,1,Physically Demanding job,Amazon Fulfillment Center,,,"San Bernardino, CA",Quality Control,,lots of overtime. Worked 60hours/week,"The cons are the same as the pros, but this website doesn't allow me to copy the same response.",1,1,1,lots overtime worked 60hoursweek,physically demanding job,0.0,neutral
106,2024-12-15T00:00:00.000Z,0,0,2,PART_TIME,Current employees,False,False,POSITIVE,DISAPPROVE,POSITIVE,3,4,4,3,Decent Pay,Amazon Fulfillment Center,,,"Sparrows Point, MD",Associate,,"Freedom
Opportunities
Career choice
Decent Pay","Physically tiring
Poor Training
Not enough benefits",3,3,3,freedom opportunities career choice decent pay,decent pay,0.16666666666666666,positive
107,2024-12-15T00:00:00.000Z,0,0,2,REGULAR,Former employees,False,False,,,,1,3,1,1,Cold,Amazon Fulfillment Center,,,"Rugeley, England",,,"Good managers, a lot of overtime available",Cold warehouse. Lonely isolating job,1,3,1,good managers lot overtime available,cold,-0.6,negative
108,2024-12-14T00:00:00.000Z,0,0,2,REGULAR,Current employees,False,False,POSITIVE,APPROVE,POSITIVE,3,4,5,4,Pay,Amazon Fulfillment Center,,,"St. Thomas, ON",Associate,,Good pay rate for Associates,Lot of internal politics in the Amazon warehouses,5,5,5,good pay rate associates,pay,0.0,neutral
109,2024-12-12T00:00:00.000Z,0,0,0,REGULAR,Current employee,False,False,,,,0,0,5,0,Good place,Amazon Fulfillment Center,,,"Council Bluffs, IA",Associate,,Good place to start a warehouse job.,Temperature is a little chilly.,0,0,0,good place start warehouse job,good place,0.7,positive
110,2024-12-11T00:00:00.000Z,0,0,2,REGULAR,Former employees,False,False,,,,0,0,3,0,Boring,Amazon Fulfillment Center,,,"Jeffersonville, IN",ICQA Associate,,"PTO, same work every night.",Lots of turn over. Monotonous,0,0,0,pto work every night,boring,-1.0,negative
111,2024-12-08T00:00:00.000Z,0,0,4,REGULAR,Former employees,False,False,,,,5,5,4,4,Amazon,Amazon Fulfillment Center,,,"Goodyear, AZ",Warehouse Worker,,They have really good benefits,Some jobs can get overwhelming,5,4,5,really good benefits,amazon,0.0,neutral
112,2024-12-07T00:00:00.000Z,0,0,0,REGULAR,Current employee,False,False,,,,0,0,4,0,Good Job and Pay,Amazon Fulfillment Center,,,"Leeds, England",Warehouse Associate,,"Easy, not much weight to handle","long shifts, stationed in one place",0,0,0,easy much weight handle,good job pay,0.7,positive
113,2024-12-05T00:00:00.000Z,0,0,4,REGULAR,Current employees,False,False,,,NEGATIVE,2,3,3,1,"Good money, hardwork",Amazon Fulfillment Center,,,"Edmonton, AB",Associate,,Good money better than average job,"Favouritism, no appreciation, more work you do more you’ll get, less work you do less they will give",3,3,3,good money better average job,good money hardwork,0.7,positive
114,2024-12-04T00:00:00.000Z,0,0,9,REGULAR,Current employees,False,False,POSITIVE,NO_OPINION,POSITIVE,3,5,3,1,Hard work,Amazon Fulfillment Center,,,"Windsor, CT",Packer,,Fast Advancements and great benefits,Very high turnover and not much accountability. Very long hours during holiday season.,3,3,3,fast advancements great benefits,hard work,-0.2916666666666667,negative
115,2024-12-03T00:00:00.000Z,0,0,2,PART_TIME,Current employees,False,False,POSITIVE,APPROVE,POSITIVE,3,3,3,3,Not Bad,Amazon Fulfillment Center,,,"Avenel, NJ",FC Associate I,Lower the rate. Or increase the pay. And give out more shifts.,Simple work is required of you.,Their rate per hour is slightly unreasonable due to the fact if the items are heavy in total it’s harder to walk around while pushing the heavy cart.,3,3,3,simple work required,bad,-0.6999999999999998,negative
116,2024-12-03T00:00:00.000Z,0,0,4,REGULAR,Current employees,False,False,NEGATIVE,DISAPPROVE,NEGATIVE,1,1,1,1,Good benefits bad work culture,Amazon Fulfillment Center,,,"Saint Louis, MO",Inbound Stower,"We are humans with our own lives outside of work. We are somebody’s child, wife, husband, father, mother or grandparent. We are not robots or machines to use and toss away whenever you feel like it. To some of us Amazon is one of our only choices to make a living for our families.","Great benefits, very flexible, lots of different positions to try out incase you don’t like your main role. Free holiday meals once a year. Come and leave work whenever you want using your unpaid time or pto. They lay for school and offer career programs although the tests to get into them are very difficult","Forced mandatory extra time. (My MET was 5 days of 11 1/2 hours and my regular shift is 3 days of 12 hours) you will get forced to cross trained and you will get labor shares to different departments wether you like that position or not. They have a very high expectations for making “rates” in your position. Managers and anyone in lead positions will micromanage and breathe down your neck. You are always getting watched and judged and everyone will shut down any minimal concern you have because nobody cares. They just care about saving their own behind. If you get hurt, well you better pray that you don’t because their AmCare will send you to their own doctor and they will lie and say you weren’t hurt at all so that they don’t have to pay for your injury or have you sue them. Some departments are very strict and WILL find reasons to write you up. You have to use some of your break time to get back to your station and sign in and scan something by the end of your break or you will get in trouble. You will use some of your break time just walking to the break area because it is SO far and so are the restrooms and don’t forget you need to use your break time to come back from break on time or you’ll get in trouble",3,1,3,great benefits flexible lots different positions try incase don’t like main role free holiday meals year come leave work whenever want using unpaid time pto lay school offer career programs although tests get difficult,good benefits bad work culture,5.551115123125783e-17,neutral
117,2024-12-02T00:00:00.000Z,0,0,0,REGULAR,Former employee,False,False,,,,0,0,3,0,Amazon,Amazon Fulfillment Center,,,"Orlando, FL",Picker,,A lot of hard work,Only care about the numbers,0,0,0,lot hard work,amazon,0.0,neutral
118,2024-11-30T00:00:00.000Z,0,0,2,PART_TIME,Current employees,False,False,,APPROVE,POSITIVE,5,5,5,4,Amazon review,Amazon Fulfillment Center,,,"Ottawa, ON",Associate,,"It has good base pay, health benefits, and paid vacation.",Work is heavy sometimes and need physical strength.,5,5,5,good base pay health benefits paid vacation,amazon review,0.0,neutral
119,2024-11-29T00:00:00.000Z,0,0,1,REGULAR,"Current employee, less than 1 year",False,False,,APPROVE,POSITIVE,0,0,5,5,I loved working there,Amazon Fulfillment Center,,,"Coconut Creek, FL",Picker/Packer,"Focus on Employee Well-Being.
Encourage a balance between productivity and employee health. Consider frequent breaks, ergonomic assessments, and wellness programs.","Employment stability 
Competitive pay
Benefits 
Diverse workforce","Physical demands 
Management challenges 
Monotonous tasks
High turnover rates
Fast spaced environment",5,0,5,employment stability competitive pay benefits diverse workforce,loved working,0.7,positive
120,2024-11-27T00:00:00.000Z,0,0,0,REGULAR,Former employee,False,False,,,,0,0,5,0,The pay is good but the work sometimes can be a bit.... Boring,Amazon Fulfillment Center,,,"Charlotte, NC",Picking Associate,,Paid by the hour and if u stay long enough u get better pay well at least 1$ up,From what I've heard they treat ya like a number or a robot,0,0,0,paid hour u stay long enough u get better pay well least 1,pay good work sometimes bit boring,-0.15000000000000002,negative
121,2024-11-26T00:00:00.000Z,0,0,1,REGULAR,"Former employee, less than 1 year",False,False,POSITIVE,NO_OPINION,POSITIVE,3,5,4,2,Great place to start oit,Amazon Fulfillment Center,,,"Calgary, AB",Dock Worker,,"Great benefits, great people to work with.",The work is very physically demanding,5,5,3,great benefits great people work,great place start oit,0.8,positive
122,2024-11-23T00:00:00.000Z,0,0,1,REGULAR,"Former employee, less than 1 year",False,False,POSITIVE,APPROVE,POSITIVE,4,3,4,3,Salary at Amazon,Amazon Fulfillment Center,,,"Sioux Falls, SD",Reliability & Maintenance Engineering,,Good pay from the company and lovely colleagues,Too much heat and a lot of noise,4,4,4,good pay company lovely colleagues,salary amazon,0.0,neutral
123,2024-11-20T00:00:00.000Z,0,0,0,REGULAR,Former employee,False,False,,,,2,1,2,3,nothign,Amazon Fulfillment Center,,,"St. Thomas, ON",Warehouse Worker,,good pay and nice shift hours,politics and partiality play a major role,4,1,2,good pay nice shift hours,nothign,0.0,neutral
124,2024-11-19T00:00:00.000Z,0,0,2,REGULAR,Former employees,False,False,,,,3,3,3,1,General,Amazon Fulfillment Center,,,"Dartford, England",Warehouse Operative,,Flexible working schedules and good pay,Extremely physical. Employees treated as machine sometimes.,4,3,4,flexible working schedules good pay,general,0.05000000000000002,neutral
125,2024-11-18T00:00:00.000Z,0,0,0,REGULAR,Former employee,False,False,,,,1,1,1,1,Review,Amazon Fulfillment Center,,,"Ottawa, ON",Warehouse Associate,"Treat associates with respect and dignity. Foster a more supportive environment, especially during challenging times, and ensure fair treatment for all employees, including those dealing with work-related injuries.","Good benefits.
Valuable working experience.
Opportunities to learn and grow.","Poor management support.
Lack of understanding during personal hardships.
Unfair treatment when injured on the job.
High-pressure environment with unrealistic expectations at times.",1,1,1,good benefits valuable working experience opportunities learn grow,review,0.0,neutral
126,2025-03-03T00:00:00.000Z,0,0,1,REGULAR,Current employees,False,False,,,,5,5,3,2,"Review of Fulfillment Centre at St. Thomas, ON",Amazon Fulfillment Center,,,"St. Thomas, ON",FC Associate I,- Provide everyone equal chance - Make All managers more responsible towards all associates bcz sometimes associates don't know the actual information of them when they ask help from managers and what they say to HR or Safety team - Hiring of positions specially PA(Process Assistant) and Learning needs to be evaluated based on your ground level performance not based on connections (if your relatives who are in higher position get hired in PA / Learning ) - Safety team needs to be more responsible bcz mostly they don't took actions against managers who needs more productivity to get promoted so that Associates are presurised to maintain those productivity and compromise safety which ultimately creates critical health issues for associates - Some associates got less work or promoted or learn new skills compared to others as they are favourite of Managers or relatives. Plz stop this to be fair with everyone,"Pay and Benefits they provide like maternity, accommodation, insurance","Work-life balance, Continuous work without sitting, almost all location with no public transportation, lack of chance in promotion and new skills as they show they are giving fair chance to everyone but it's not true at ground level. The people of certain community especially punjabi's got promotions at HR, PA and Manager level. Lack of support from HR as they are not giving proper information when you actually need. Safety at ground level is compromised by managers bcz they want more productivity to get promotion. The people who always praised their managers got extra-benefits on work and able to learn new skills than other hard-working associates",5,3,3,pay benefits provide like maternity accommodation insurance,review fulfillment centre st thomas,0.0,neutral
127,2025-03-27T00:00:00.000Z,0,0,1,REGULAR,Current employees,False,False,NEGATIVE,POSITIVE,NEGATIVE,3,4,3,3,Amazon Warehouse Associate,Amazon Fulfillment Center,,,"Ottawa, ON",Process Associate,"Try to focus more on employee engagement and break the barriers of community, race or personal biases Give opportunities to employees to grow rather than nurturing a neo slavery attitude There are many associates who are skilled and experienced but working in warehouse due to personal situation. Leadership should give them opportunity to optimize their skills and experience rather than taking their advantage and utilizing them for only labor works.",Best in class work environment Experience working in robotic environment Competitive work benefits and accommodations,Too much physical work with not much of Job security Pressure for target work negatively impact physical and mental health Biased leadership - does not justify experience skills or ability but personal connections and nepotism works more for training promotion and preferred job roles,3,2,3,best class work environment experience working robotic environment competitive work benefits accommodations,amazon warehouse associate,0.0,neutral
128,2025-04-09T00:00:00.000Z,0,0,1,REGULAR,Former employees,False,False,POSITIVE,POSITIVE,POSITIVE,5,5,4,4,Good Benefits and Management,Amazon Fulfillment Center,,,"Barrhaven, ON",Fulfillment Associate,,"Wage increase 3, 6, 12 month and so on. Great Full-time benefits Work Perks and Discount through Venngo",Warehouse (repetitive work and corporation like layout) dull.. but great people and management,5,4,4,wage increase 3 6 12 month great fulltime benefits work perks discount venngo,good benefits management,0.7,positive
129,2025-02-26T00:00:00.000Z,0,0,1,REGULAR,Current employees,False,False,POSITIVE,POSITIVE,POSITIVE,5,5,5,5,Fast-paced work with good benefits,Amazon Fulfillment Center,,,"St. Thomas, ON",Inbound receive dock,Improve break times and workload balance to reduce fatigue and increase employee retention.,"Competitive pay and benefits Opportunity for career growth Fast-paced and active work environment Team-oriented workplace culture Training provided, no experience required",Repetitive tasks can be exhausting,5,5,5,competitive pay benefits opportunity career growth fastpaced active work environment teamoriented workplace culture training provided experience required,fastpaced work good benefits,0.7,positive
130,2025-02-04T00:00:00.000Z,0,0,3,REGULAR,Current employees,False,False,NEGATIVE,NEGATIVE,NEGATIVE,1,2,1,1,Hard Pass,Amazon Fulfillment Center,,,"Delta, BC",Process Associate,Focus more on taking care of the people who are driving your productivity and acknowledge they are why you are successful.,Was a job that paid the bills. Makes you really appreciate working somewhere else,Only cared about increasing productivity and not at all about the people. Whoever coined them as equality opportunity employees needs to look up the definition. Save your physical and mental well being an look for employment elsewhere.,4,1,1,job paid bills makes really appreciate working somewhere else,hard pass,-0.2916666666666667,negative
131,2025-01-23T00:00:00.000Z,0,0,3,REGULAR,Current employee,False,False,NEGATIVE,POSITIVE,POSITIVE,2,3,2,1,Great benefits on sign in but deteriorate rapidly after first year,Amazon Fulfillment Center,,,"Mississauga, ON",whs specialist,,"Fast paced, challenging and great learning opportunities; great overall benefits from day 1","Hectic hours, little flexibility, pay structure, call out culture leads to internal fights to show who is better",3,2,2,fast paced challenging great learning opportunities great overall benefits day 1,great benefits sign deteriorate rapidly first year,0.525,positive
132,2024-11-04T00:00:00.000Z,0,0,3,REGULAR,Former employee,False,False,,,NEGATIVE,3,1,3,1,good pay but very bad work life balance,Amazon Fulfillment Center,,,"Calgary, AB",Area manager 2,Witnessed blatant nepotism during my tenure. Should practice more seek to understands,"Base pay is good, benefits are decent.","The amount of hours, tasks, and projects you have to do makes it easy to be burnt out and feel underpaid. 1 year night rotations and expect to work 50-60 hour weeks constantly. performance is based on numbers and feedback is given to the bottom 5% even if the entire team is doing well.",5,2,5,base pay good benefits decent,good pay bad work life balance,5.551115123125783e-17,neutral
133,2024-06-24T00:00:00.000Z,0,0,1,REGULAR,Current employee,False,False,,,,2,3,3,1,Amazon wearhouse,Amazon Fulfillment Center,,,"Hamilton, ON",Picker,Be understanding and don’t try to cash as much on your workers,"Time off, benefits, career opportunity and able to switch work schedule","Exhausting physical work, get the same pay as different departments works who work way way less and easy works, co-works can get assigned some level of leadership therefore there is favouritism, strict like things on break timing, time off task, and productivity/quality write up, and overall energy draining job if you stay for long",3,1,4,time benefits career opportunity able switch work schedule,amazon wearhouse,0.0,neutral
134,2024-06-26T00:00:00.000Z,0,0,1,REGULAR,Former employee,False,False,POSITIVE,,,3,1,3,2,Great place to learn tough place to advance,Amazon Fulfillment Center,,,"Delta, BC",Safety Specialist,-If you hire people. Develop them as well!,"- Good people and good environment to be depending on management, - Lots learning opportunities. Good stepping stone for another job.",- Safety department L4 does not have any promotion opportunities unless you grind for 3+ years. - Operation and Safety is a constant struggle - Internal hire typically gets less money than external,4,4,2,good people good environment depending management lots learning opportunities good stepping stone another job,great place learn tough place advance,0.20555555555555557,positive
135,2024-07-22T00:00:00.000Z,0,0,1,REGULAR,Current employee,False,False,,,,2,2,3,2,Associate Level I,Amazon Fulfillment Center,,,"Brampton, ON",Associate ,,"Comparatively good pay, Overtime opportunities, Paid time off and Voluntary time off options","Physically exhausting work, long hours, on feet for around 9-10 hours",3,2,3,comparatively good pay overtime opportunities paid time voluntary time options,associate level,0.0,neutral
136,2023-06-06T00:00:00.000Z,0,0,1,REGULAR,Former employee,False,False,NEGATIVE,,NEGATIVE,2,5,2,1,Hard on your body and your mind,Amazon Fulfillment Center,,,"Brampton, ON",Warehouse Associate,"A lot could be done to improve the ergonomics of the work I was assigned to, which would reduce fatigue for both mind and body, but managers are not able to champion experiments. Most managers are down to earth and pitty the workers. They will talk to you and try to help you become more ""performant"" but they can't change the performance goals. It's just how the system is setup, and Amazon wouldn't be Amazon without it (from the consumer's point of view).",The environment is clean and safe. It's a full-time job that will employ literally anyone regardless of their experience or past. I'm not sure where they draw the line but it is very low. They are hiring year round because people keep leaving.,"A survival job where you will act like a machine, and be treated slightly better than one. The job is incredibly hard no matter what role you end up having. The hours are long and your body will pay a heavy price for it even if you are very fit and atheletic. The performance that is expected is insane, and this is yet another reason why the turnover is so high. People are rubbed raw until they can't take it anymore, and then if they are able to, they leave.",2,4,3,environment clean safe fulltime job employ literally anyone regardless experience past im sure draw line low hiring year round people keep leaving,hard body mind,-0.2916666666666667,negative
137,2024-02-27T00:00:00.000Z,0,0,1,REGULAR,Former employee,False,False,,,POSITIVE,5,5,5,5,Very good environment - YYC5,Amazon Fulfillment Center,,,"Calgary, AB",Warehouse fulfillment associate,,Let you pick how many/which days you wanted to work before hiring. After a certain number of days you can even switch your schedule. Supervisors were super helpful.,"Shifts during prime day were hectic and no VTO's released, make sure to save up PTO's during the fall/winter Prime Days seasons especially as a student for final exam time.",5,5,3,let pick manywhich days wanted work hiring certain number days even switch schedule supervisors super helpful,good environment yyc5,0.7,positive
138,2024-03-18T00:00:00.000Z,0,0,0,REGULAR,Former employee,False,False,POSITIVE,,NEGATIVE,3,5,3,3,A mixed bag,Amazon Fulfillment Center,,,"Brampton, ON",Warehouse Associate,Change how you account for productivity - stowing a large item vs a small item should not count as the same amount of work in the system,"No interviews, co-workers are fun people","Supervisors are heartless, targets are unrealistic and dependent on luck if you are assigned the stowing job",3,3,3,interviews coworkers fun people,mixed bag,0.0,neutral
139,2024-03-19T00:00:00.000Z,0,0,5,REGULAR,Current employee,False,False,,,POSITIVE,5,5,4,3,Processing,Amazon Fulfillment Center,,,"Mississauga, ON",Associate ,I believe this improved and innovative environment.,The positive reason why Amazon has provided for accommodation and equal diversity culture and balancing work.,"The negative reason why some processers are more productivity, but it is not fair with some managers slowly work than associate's hard work more.",4,4,4,positive reason amazon provided accommodation equal diversity culture balancing work,processing,0.0,neutral
140,2024-03-25T00:00:00.000Z,0,0,3,REGULAR,Current employee,False,False,NEGATIVE,,NEGATIVE,1,3,2,1,Amazon,Amazon Fulfillment Center,,,"Bolton, ON",Fc Associate I,They should listen more to the employees and try to hear out their side.,People there are very nice.,Toxic work culture and boss demands are too much,2,1,1,people nice,amazon,0.0,neutral
